quantity,value
n_lyngstad_polygons,564
lyngstad_area_km2,70.13973741870845
footprint_km2,110065.01718803986
n_survey_projects,14
n_eu_presence_geometries,701
eu_domain_km2,495222.86011457775
gsp_nodata_rows_training,0
gsp_nodata_rows_training_bog,0
gsp_nodata_rows_future,0
gsp_nodata_max_bio10,-Inf
no_bog_bio10_min,12.06113052368164
no_bog_bio10_median,15.541911602020264
no_bog_bio10_max,16.450000762939453
eu_bog_bio10_min,12.00523392370225
eu_bog_bio10_max,19.41213193120232
no_train_bio10_max,17.149328231811523
eu_absence_bio10_max,21.149999618530273
pooled_bog_bio10_max,19.41213193120232
future_bog_bio10_min,14.761131286621094
future_bog_bio10_median,19.049999237060547
future_bog_bio10_max,20.149999618530273
future_bog_share_above_pooled_bog_max,0.12275985663082438
warm18_n,3846
warm18_elevation_min,158.29393005371094
warm18_elevation_max,707.99871826171875
otherpeat_flat_share_NO,0.2235483870967742
otherpeat_flat_share_EU,0.7381162324649299
axis_ref_bio10,15.511926651000977
bog_edge_offset,3.9002052802013445
lyngstad_offset_future_q10,1.703569030761719
lyngstad_offset_future_median,3.1669058799743652
lyngstad_offset_future_q90,3.7936144828796388
lyngstad_offset_current_median,-0.34689760208129883
lyngstad_share_beyond_bog_edge,0.06205673758865248
lyngstad_offset_mild_q10,-0.6029215812683103
lyngstad_offset_mild_median,0.8640761375427246
lyngstad_offset_mild_q90,1.4426800727844238
lyngstad_share_beyond_bog_edge_mild,0
aoa_threshold,1.9762083838350024
lyngstad_pbog_current_mean,0.9110910609960153
lyngstad_pbog_future_mean,0.16344753977738566
lyngstad_pbog_change_median,-0.8200000151991844
lyngstad_pbog_change_q05,-0.8873083229797583
lyngstad_pbog_change_q95,-0.3892999935522675
lyngstad_share_declining,0.9911347517730497
lyngstad_future_pbog_above_0.5,0
n_polygons_scenario,564
n_bog_today_polygons,544
n_bog_kept_mild,104
n_bog_kept_harsh,0
kept_bio10_current_median,14.618846416473389
lost_bio10_current_median,15.340042352676392
kept_lat_median,60.422700966625385
lost_lat_median,59.891631247275114
polygon_pbog_change_mean_mild,-0.6025163617956835
polygon_pbog_change_mean_harsh,-0.7476435212186296
polygon_share_declining_mild,0.975177304964539
polygon_share_declining_harsh,0.9911347517730497
band_bog_rows_pairwise,273
band_bog_rows_lopo,39
rows_above_envelope,2054
rows_below_envelope,35519
