arm,slice,n_folds,n_test_rows,median_n_train,macro_auc,macro_gmean,recall_bog,recall_otherpeat,recall_nonpeat,fpr_bog
lopo,all,5,82365,78897,0.805,0.528,0.793,0.51,0.46,0.408
lopo,NO,5,56916,78897,0.77,0.433,0.803,0.212,0.572,0.509
lopo,EU,5,25449,78897,0.788,0.479,0.705,0.762,0.312,0.262
lopo,inside,5,42255,78897,0.793,0.544,0.793,0.553,0.432,0.401
lopo,below,1,38191,22487,0.875,0.401,NA,0.168,0.956,0.159
lopo,above,1,1919,68712,0.743,0,NA,0,0,0.998
pairwise,all,20,329460,3468,0.727,0.367,0.44,0.374,0.644,0.277
pairwise,NO,20,227664,3468,0.716,0.279,0.416,0.197,0.729,0.288
pairwise,EU,20,101796,3468,0.715,0.36,0.452,0.538,0.486,0.259
pairwise,inside,20,169020,3468,0.73,0.376,0.44,0.396,0.633,0.276
pairwise,below,4,152764,3172.5,0.705,0.16,NA,0.053,0.988,0.012
pairwise,above,4,7676,3172.5,0.561,0.019,NA,0.004,0.523,0.447
