predictor,description,source,changes_under_scenario,in_distance_metric,projected_shift_sd,importance_all,importance_bog
slope,Slope,DTM50 (Norway); AWS terrain tiles via elevatr (Europe),no,no,0,0.3212,0.0375
elevation,Elevation,DTM50 (Norway); AWS terrain tiles via elevatr (Europe),no,no,0,0.0245,0.0188
bio10,Mean temperature of the warmest quarter,CHELSA V2.1 bioclim,yes,yes,0.88,0.0175,0.0281
bio02,Mean diurnal temperature range,CHELSA V2.1 bioclim,yes,yes,-0.26,0.0165,0.0144
ngd10,Days with mean temperature above 10 °C,CHELSA V2.1 bioclim+,yes,yes,0.79,0.016,0.0229
gdd0,Growing degree days above 0 °C,CHELSA V2.1 bioclim+,yes,yes,0.89,0.015,0.0239
gdd5,Growing degree days above 5 °C,CHELSA V2.1 bioclim+,yes,yes,0.89,0.0138,0.027
gdd10,Growing degree days above 10 °C,CHELSA V2.1 bioclim+,yes,yes,0.92,0.0138,0.0262
bio08,Mean temperature of the wettest quarter,CHELSA V2.1 bioclim,yes,yes,0.08,0.0137,0.0109
gst,Growing season mean temperature,CHELSA V2.1 bioclim+,yes,yes,0.65,0.0126,0.0212
bio05,Maximum temperature of the warmest month,CHELSA V2.1 bioclim,yes,yes,0.8,0.0124,0.0223
paleo_bio01_sum_icefree,Summed annual temperature over the ice-free period,"CHELSA-TraCE21k, derived",no,no,0,0.012,0.0175
bio03,Isothermality,CHELSA V2.1 bioclim,yes,yes,-0.12,0.0118,0.0186
paleo_years_icefreeland,Years as ice-free land (last 16 ka),"CHELSA-TraCE21k, derived",no,no,0,0.0115,0.0177
paleo_bio12_mean_16ka,"Mean annual precipitation, 16 ka to present","CHELSA-TraCE21k, derived",no,no,0,0.0112,0.0103
paleo_bio12_sum_16ka,"Summed annual precipitation, 16 ka to present","CHELSA-TraCE21k, derived",no,no,0,0.0106,0.0109
bio04,Temperature seasonality,CHELSA V2.1 bioclim,yes,yes,-0.25,0.0102,0.0096
scd,Snow cover days,CHELSA V2.1 bioclim+,yes,yes,-0.73,0.0101,0.0109
fcf,Frost change frequency,CHELSA V2.1 bioclim+,yes,yes,-0.57,0.01,0.0161
gsp,Growing season precipitation,CHELSA V2.1 bioclim+,yes,yes,0.98,0.0099,0.0108
gsl,Growing season length,CHELSA V2.1 bioclim+,yes,yes,0.77,0.0096,0.0103
ngd5,Days with mean temperature above 5 °C,CHELSA V2.1 bioclim+,yes,yes,0.84,0.0095,0.0175
bio18,Precipitation of the warmest quarter,CHELSA V2.1 bioclim,yes,yes,-0.02,0.0094,0.0101
bio12,Annual precipitation,CHELSA V2.1 bioclim,yes,yes,0.22,0.0093,0.0124
bio09,Mean temperature of the driest quarter,CHELSA V2.1 bioclim,yes,yes,0.75,0.0089,0.0097
npp,Potential net primary productivity,CHELSA V2.1 bioclim+,yes,yes,0.97,0.0089,0.0146
bio17,Precipitation of the driest quarter,CHELSA V2.1 bioclim,yes,yes,0.23,0.0088,0.0102
paleo_bio01_sum_16ka,"Summed annual temperature, 16 ka to present","CHELSA-TraCE21k, derived",no,no,0,0.0086,0.0111
paleo_bio01_mean_16ka,"Mean annual temperature, 16 ka to present","CHELSA-TraCE21k, derived",no,no,0,0.0084,0.0133
bio01,Annual mean temperature,CHELSA V2.1 bioclim,yes,yes,0.89,0.0078,0.0163
bio14,Precipitation of the driest month,CHELSA V2.1 bioclim,yes,yes,0.23,0.0078,0.0075
swe,Snow water equivalent,CHELSA V2.1 bioclim+,yes,yes,-0.37,0.0077,0.0129
paleo_bio12_sum_icefree,Summed annual precipitation over the ice-free period,"CHELSA-TraCE21k, derived",no,no,0,0.0076,0.0102
bio16,Precipitation of the wettest quarter,CHELSA V2.1 bioclim,yes,yes,0.2,0.0074,0.0113
bio13,Precipitation of the wettest month,CHELSA V2.1 bioclim,yes,yes,0.37,0.0074,0.0077
bio07,Annual temperature range,CHELSA V2.1 bioclim,yes,yes,-0.34,0.0066,0.0105
bio15,Precipitation seasonality,CHELSA V2.1 bioclim,yes,yes,-0.01,0.0066,0.0135
paleo_bio12_mean_icefree,Mean annual precipitation over the ice-free period,"CHELSA-TraCE21k, derived",no,no,0,0.0064,0.0075
bio19,Precipitation of the coldest quarter,CHELSA V2.1 bioclim,yes,yes,0.13,0.0061,0.0073
ngd0,Days with mean temperature above 0 °C,CHELSA V2.1 bioclim+,yes,yes,0.85,0.006,0.0091
bio11,Mean temperature of the coldest quarter,CHELSA V2.1 bioclim,yes,yes,0.95,0.0049,0.0118
paleo_bio01_mean_icefree,Mean annual temperature over the ice-free period,"CHELSA-TraCE21k, derived",no,no,0,0.0045,0.01
bio06,Minimum temperature of the coldest month,CHELSA V2.1 bioclim,yes,yes,0.96,0.0039,0.0165
